epoch,AUC,accuracy,loss,val_AUC,val_accuracy,val_loss
0,0.8176426887512207,0.7878909111022949,1.3809642791748047,0.7375918030738831,0.6876286268234253,0.6407506465911865
1,0.7534388899803162,0.6928706169128418,1.1831469535827637,0.8795095682144165,0.8136290907859802,0.43824926018714905
2,0.955396831035614,0.8996055126190186,0.5095168948173523,0.9714495539665222,0.9131031036376953,0.21898908913135529
3,0.9812782406806946,0.9383683204650879,0.3200726807117462,0.97084641456604,0.9119597673416138,0.24123290181159973
4,0.9890387058258057,0.9531759023666382,0.23692862689495087,0.9732763171195984,0.9174479842185974,0.2276386171579361
5,0.9926797747612,0.9676976799964905,0.1824009269475937,0.9507834315299988,0.8758289217948914,0.34474900364875793
6,0.9945039749145508,0.9737579226493835,0.15241383016109467,0.9753277897834778,0.9195060729980469,0.23643623292446136
