epoch,accuracy,auc,loss,val_accuracy,val_auc,val_loss
0,0.7352352738380432,0.7782078981399536,1.3683456182479858,0.6338897943496704,0.6335961818695068,0.668096661567688
1,0.7616488337516785,0.8385793566703796,0.9791892766952515,0.8561628460884094,0.9055564403533936,0.3910299837589264
2,0.9161854386329651,0.9629305005073547,0.4507753252983093,0.9201920628547668,0.9744762182235718,0.20211444795131683
3,0.9445428848266602,0.9818926453590393,0.29736921191215515,0.9133318066596985,0.9685465693473816,0.23121313750743866
4,0.9612943530082703,0.9893497228622437,0.21505899727344513,0.9133318066596985,0.9685997366905212,0.24280673265457153
5,0.9719284176826477,0.9931601285934448,0.16422240436077118,0.902126669883728,0.9631194472312927,0.289654940366745
6,0.978217363357544,0.9949450492858887,0.12928880751132965,0.9213354587554932,0.9709660410881042,0.2521306276321411
