epoch,AUC,accuracy,loss,val_AUC,val_accuracy,val_loss
0,0.8103500008583069,0.7704533934593201,1.3846527338027954,0.758339524269104,0.7168991565704346,0.6454041004180908
1,0.7709909677505493,0.7161397337913513,1.1488723754882812,0.8405910730361938,0.7980791330337524,0.517761766910553
2,0.9507013559341431,0.9083528518676758,0.5241600275039673,0.963623583316803,0.9119597673416138,0.23749275505542755
3,0.9774708151817322,0.9411697387695312,0.33035725355148315,0.965548038482666,0.9121884107589722,0.2369302660226822
4,0.9871348738670349,0.9566634297370911,0.23872318863868713,0.9706317186355591,0.9197347164154053,0.2317577749490738
5,0.9928069710731506,0.9702703952789307,0.17664796113967896,0.9650834202766418,0.9071575403213501,0.26321202516555786
6,0.9947594404220581,0.9771882891654968,0.13411852717399597,0.970266580581665,0.9249942898750305,0.24563932418823242
7,0.9960222244262695,0.9835915565490723,0.10159339010715485,0.9702510237693787,0.9224788546562195,0.25503355264663696
8,0.9974130392074585,0.988508403301239,0.0764356404542923,0.9650495052337646,0.9197347164154053,0.3058866560459137
