epoch,AUC,accuracy,loss,val_AUC,val_accuracy,val_loss
0,0.8108358383178711,0.7804585099220276,1.379531741142273,0.7173563241958618,0.6809970140457153,0.6456083059310913
1,0.7773881554603577,0.7135097980499268,1.1297839879989624,0.8632780313491821,0.8273496627807617,0.4779203236103058
2,0.953239381313324,0.901492178440094,0.5215891003608704,0.9704645276069641,0.9147038459777832,0.21791093051433563
3,0.9810307621955872,0.9369961619377136,0.32084792852401733,0.9706523418426514,0.9135605096817017,0.24000436067581177
4,0.9892643690109253,0.955634355545044,0.23010855913162231,0.9765126705169678,0.9211068153381348,0.21803298592567444
5,0.9923723936080933,0.9650677442550659,0.1956194043159485,0.9686086773872375,0.9041847586631775,0.2518806457519531
6,0.994400680065155,0.9746155142784119,0.143540158867836,0.9710574746131897,0.9119597673416138,0.25479426980018616
