epoch,AUC,accuracy,loss,val_AUC,val_accuracy,val_loss
0,0.8195803165435791,0.766851544380188,1.3879642486572266,0.7876412868499756,0.7130116820335388,0.6431838870048523
1,0.7486289143562317,0.6925275921821594,1.1962158679962158,0.8620516657829285,0.8031100034713745,0.47266295552253723
2,0.9535827040672302,0.894517183303833,0.5278007388114929,0.9708176851272583,0.9121884107589722,0.21845678985118866
3,0.980776846408844,0.9329941272735596,0.3308034837245941,0.971040666103363,0.9110450744628906,0.23090305924415588
4,0.9889943599700928,0.9537476301193237,0.23508761823177338,0.9767364263534546,0.9220215082168579,0.21565619111061096
5,0.9930417537689209,0.9651820659637451,0.17933999001979828,0.9607887864112854,0.887948751449585,0.3102800250053406
6,0.9951401352882385,0.972385823726654,0.14622119069099426,0.971684455871582,0.9094443321228027,0.25990867614746094
7,0.9962917566299438,0.9794179797172546,0.11501013487577438,0.9703253507614136,0.9165332913398743,0.2740600109100342
8,0.9971417784690857,0.9834200739860535,0.0930313989520073,0.9625113606452942,0.9071575403213501,0.33814671635627747
