epoch,AUC,accuracy,loss,val_AUC,val_accuracy,val_loss
0,0.7820641398429871,0.7614773511886597,1.3758606910705566,0.6573993563652039,0.6494397521018982,0.6585054397583008
1,0.8016641139984131,0.7328912019729614,1.0606367588043213,0.8740866184234619,0.8234621286392212,0.455481618642807
2,0.9596627354621887,0.9116116762161255,0.48053479194641113,0.9721683263778687,0.9197347164154053,0.21137218177318573
3,0.981469988822937,0.9396260976791382,0.3159082233905792,0.9700613021850586,0.9101303219795227,0.22573456168174744
4,0.9891747832298279,0.955634355545044,0.22968295216560364,0.9742153882980347,0.9185913801193237,0.22019898891448975
5,0.9922352433204651,0.9666685461997986,0.18335048854351044,0.9652829170227051,0.9044134616851807,0.25984054803848267
6,0.994820237159729,0.975758969783783,0.14007703959941864,0.9739722609519958,0.9208781123161316,0.22930309176445007
