epoch,accuracy,auc,loss,val_accuracy,val_auc,val_loss
0,0.7775999307632446,0.8130525350570679,1.3779014348983765,0.6743654012680054,0.7247278690338135,0.6433912515640259
1,0.7453547716140747,0.8215628266334534,1.028313398361206,0.8589069247245789,0.9146252274513245,0.37208521366119385
2,0.9090961217880249,0.9622144103050232,0.4661124050617218,0.9126457571983337,0.9692076444625854,0.22421768307685852
3,0.9397404193878174,0.9825727343559265,0.3055684566497803,0.9002972841262817,0.9642389416694641,0.2578093111515045
4,0.957177996635437,0.9903137683868408,0.2155999392271042,0.9227074980735779,0.9745579361915588,0.22222162783145905
5,0.9676405191421509,0.9933059215545654,0.17616136372089386,0.9073862433433533,0.9673119783401489,0.25983017683029175
6,0.9763306975364685,0.9955586791038513,0.1263003796339035,0.915389895439148,0.9691900014877319,0.26645028591156006
7,0.9813618659973145,0.996525228023529,0.10340769588947296,0.9167619347572327,0.9678871035575867,0.2736334800720215
8,0.9869075417518616,0.9975965023040771,0.07630075514316559,0.92042076587677,0.9652217626571655,0.3055976629257202
