epoch,accuracy,auc,loss,val_accuracy,val_auc,val_loss
0,0.7547309994697571,0.7698205709457397,1.364288568496704,0.5865538716316223,0.5896642208099365,0.6883792281150818
1,0.7575324177742004,0.8457978963851929,0.9564935564994812,0.8465584516525269,0.9163392782211304,0.3690500557422638
2,0.9105826020240784,0.9651893973350525,0.446821391582489,0.9211068153381348,0.9748466610908508,0.20341093838214874
3,0.9426562190055847,0.9826627373695374,0.30483970046043396,0.8975531458854675,0.9639859795570374,0.2645170986652374
4,0.9545480608940125,0.9892408847808838,0.22741763293743134,0.9115024209022522,0.9718073606491089,0.2408462017774582
5,0.9678691625595093,0.9935049414634705,0.17164035141468048,0.9137891530990601,0.9719412326812744,0.24721063673496246
6,0.9769595861434937,0.9954485893249512,0.12895071506500244,0.9151611924171448,0.9707227945327759,0.2629246413707733
