epoch,accuracy,auc,loss,val_accuracy,val_auc,val_loss
0,0.7302612662315369,0.760680079460144,1.3700894117355347,0.5943288207054138,0.6059430837631226,0.6775350570678711
1,0.7125378847122192,0.786683976650238,1.1051393747329712,0.8433569669723511,0.9063246250152588,0.3876771032810211
2,0.9058944582939148,0.958003580570221,0.4954318106174469,0.9172192811965942,0.9724424481391907,0.21184194087982178
3,0.9407123923301697,0.9811795353889465,0.3123915195465088,0.9144752025604248,0.969262957572937,0.23252332210540771
4,0.9564918875694275,0.9886617064476013,0.23107436299324036,0.9167619347572327,0.9719562530517578,0.23217710852622986
5,0.9690126180648804,0.9927905201911926,0.17777322232723236,0.889778196811676,0.9562782645225525,0.32038614153862
6,0.975758969783783,0.994366466999054,0.13847500085830688,0.9199634194374084,0.9729995131492615,0.24673938751220703
