epoch,AUC,accuracy,loss,val_AUC,val_accuracy,val_loss
0,0.7937604188919067,0.7496998310089111,1.3767367601394653,0.7109333872795105,0.6697918772697449,0.644732654094696
1,0.8127788305282593,0.740037739276886,1.0480012893676758,0.9029585719108582,0.8445003628730774,0.3970365822315216
2,0.9575649499893188,0.9044651389122009,0.4899863004684448,0.9721144437789917,0.9192773699760437,0.21240182220935822
3,0.9813516139984131,0.9389400482177734,0.31822657585144043,0.9707003831863403,0.9057855010032654,0.2372599095106125
4,0.9897049069404602,0.9556915163993835,0.2300308644771576,0.9766959547996521,0.9236222505569458,0.21316367387771606
5,0.993051290512085,0.9659824967384338,0.17999471724033356,0.9571875333786011,0.8845186233520508,0.3200121521949768
6,0.994918167591095,0.9744439721107483,0.14522314071655273,0.9721762537956238,0.9126457571983337,0.2574783265590668
