epoch,accuracy,auc,loss,val_accuracy,val_auc,val_loss
0,0.7448973655700684,0.7855715155601501,1.3824130296707153,0.6723073124885559,0.7276277542114258,0.6466236114501953
1,0.6802927255630493,0.7406244277954102,1.2204269170761108,0.7761262059211731,0.8476821184158325,0.5072757005691528
2,0.8789663314819336,0.9426640272140503,0.5906299352645874,0.9085296392440796,0.9658653140068054,0.2348700910806656
3,0.9330512881278992,0.9778186678886414,0.35017022490501404,0.9030413627624512,0.9635457396507263,0.2553081512451172
4,0.9514035582542419,0.9871918559074402,0.2442833036184311,0.9181340336799622,0.9747609496116638,0.2224310040473938
5,0.9674689769744873,0.992752730846405,0.18119356036186218,0.9099016785621643,0.9687707424163818,0.2548261284828186
6,0.9751872420310974,0.9944911003112793,0.1355680227279663,0.9213354587554932,0.9723535776138306,0.24895621836185455
7,0.9825624823570251,0.9962911009788513,0.10226000100374222,0.9220215082168579,0.9706811308860779,0.2647669315338135
8,0.9871362447738647,0.9974713921546936,0.07722017914056778,0.9158472418785095,0.9652425050735474,0.31945937871932983
